<?xml version="1.0" encoding="UTF-8"?>
<project-private xmlns="http://www.netbeans.org/ns/project-private/1">
    <editor-bookmarks xmlns="http://www.netbeans.org/ns/editor-bookmarks/2" lastBookmarkId="0"/>
    <open-files xmlns="http://www.netbeans.org/ns/projectui-open-files/2">
        <group>
            <file>file:/F:/Project/AbesExam/web/Login.jsp</file>
            <file>file:/F:/Project/AbesExam/src/java/pac/MyState.java</file>
            <file>file:/F:/Project/AbesExam/web/slider.html</file>
            <file>file:/F:/Project/AbesExam/web/index.jsp</file>
            <file>file:/F:/Project/AbesExam/src/java/RegisAct.java</file>
            <file>file:/F:/Project/AbesExam/web/Home.jsp</file>
            <file>file:/F:/Project/AbesExam/src/java/ForgetAction.java</file>
            <file>file:/F:/Project/AbesExam/web/Ajax.js</file>
            <file>file:/F:/Project/AbesExam/web/Regis.jsp</file>
            <file>file:/F:/Project/AbesExam/src/java/pac/MyCollege.java</file>
            <file>file:/F:/Project/AbesExam/src/java/VerifyAct.java</file>
            <file>file:/F:/Project/AbesExam/src/java/pac/SecurityQues.java</file>
            <file>file:/F:/Project/AbesExam/src/java/db/Admin.java</file>
            <file>file:/F:/Project/AbesExam/web/WEB-INF/MyTld.tld</file>
            <file>file:/F:/Project/AbesExam/web/menu.html</file>
            <file>file:/F:/Project/AbesExam/web/Verify.jsp</file>
            <file>file:/F:/Project/AbesExam/web/City.jsp</file>
        </group>
    </open-files>
</project-private>
